Abetz, Otto, 106, 116, 120-124, 127, 130, 132, 137, 142-144, 147, 149, 152, 193, 200, 212­, 213, 237, 240, 245, 259, 267, 272, 279, 307 
Achenbach, Ernst, 147 
Ajalbert, Jean, 130-131 
Alfassa, Paul, 54 
Apollinaire, Guillaume, 29 
Arlant, André, 64 
Arletty, 264, 273 
Auphand, Gabriel, 234 
Auriol, Vincent, 284 
Bainville, Jacques, 30, 105-106, 113, 143 
Ballot, Marcel, 32 
Barbey d’Aurevilly, Jules, 53 
Barbusse, Henri, 84 
Barrès, Maurice, 26-27, 32, 113 
Barthélemy, Joseph, 28, 44, 146, 234-235, 242, 310 
Baudrillart, Alfred, 20, 86, 127, 137-139 
Béhague, Martine de, 55 
Bellessort, André, 80, 97, 105, 127, 137-138 
Benda, Julien, 308-312 
Benielli, Pauline, 17-20, 27, 38, 40, 51, 56, 114, 271, 273, 276 
Benjamin, René, 113 
Benoist-Méchin, Jacques, 199­200, 260, 263, 284, 289, 299 
Benoit, Pierre, 86, 105, 128, 287­288 
Bérard, Léon, 97 
Béraud, Henri, 84, 287 
Béraud, Jean, 43 
Bergerat, Émile, 56-57 
Bergery, Gaston, 227 
Bergson, Henri, 141, 145 
Berl, Emmanuel, 265 
Bernhardt, Sarah, 52 
Bernstein, Henry, 61, 84 
Besnard, Lucien, 84 
Bibesco, Marthe, 52, 84 
Bichelonne, Jean, 238, 246-247 
Billy, André, 42, 44 
Blanchet, procureur général, 271, 282-283 
Blum, Léon, 84, 154 
Blum, René, 84 
Bœgner, Henri, 224 
Bois, Jules, 33 
Bonnard, Ernest, 17-18, 20, 23, 38, 40, 87, 278, 304 
Bonnard, Eugène, 18-20, 23, 39, 51, 271, 278 
Bordeaux, Henry, 79, 84, 113 
Borghese, Alys, 52 
Bos, Charles du, 53-54 
Boulenger, Jacques, 84, 127, 129 
Boulenger, Marcel, 44, 84 
Bourget, Paul, 84, 86 
Bousquet, Jacques, 145, 149, 192, 195, 202, 206, 212, 226-227, 236, 260 
Bouts, Dirk, 250 
Brasillach, Robert, 87, 104-106, 129-130, 132-134, 178, 193, 256, 263, 265 
Bréchot, Noémie, 220 
Breker, Arno, 133, 199-201, 208, 240, 253, 276 
Bremer, Karl Heinz, 132 
Bridoux, Eugène, 237 
Brinon, Fernand de, 121, 148, 205, 213, 232, 235, 237-238, 258, 272, 284 
Broglie, Jean de, 288-289, 297 
Broglie, Maurice de, 138-140 
Bucard, Marcel, 122, 265 
Bunyes, docteur, 251, 253-254 
Burrin, Philippe, 136 
Caillaux, Henriette, 67 
Calmette, Gaston, 50, 67, 74 
Carco, Francis, 84 
Carcopino, Jérôme, 9, 11, 27, 32, 37-39, 51, 68, 143-145, 147-148, 192, 195, 197, 212, 244, 311 
Cassou, Jean, 280 
Castellane, Boni de, 84 
Cathala, Pierre, 237, 244 
Cazes, Jean, 24-25
Céline, Louis-Ferdinand, 13, 18, 130, 136, 193, 245, 272-275, 299, 302, 304
Chack, Paul, 106, 131, 141, 195
Chardonne, Jacques, 44, 128, 132-133, 279, 286, 298
Châteaubriant, Alphonse de, 119
Chaumeix, André, 84, 86
Chérau, Gaston, 84
Chevalier, Jacques, 141-143, 224, 244
Chevrillon, André, 140
Churchill, Winston, 120, 156
Cioran, Emil, 13
Claudel, Paul, 84, 86
Clemenceau, Georges, 264
Clifford Barney, Natalie, 43
Cocteau, Jean, 59-60, 87, 200, 261, 302
Cointet, Jean-Paul, 305
Coppée, François, 23, 33, 37, 48-49
Cortot, Alfred, 84
Couissin, Pierre, 214, 216, 227
Croisset, Francis de, 84, 86 
D’Annunzio, Gabriele, 85, 111
Darlan, François, 123, 137, 142­144, 147, 163, 275
Darnand, Joseph, 123-124, 230­232, 237, 275, 284, 291, 293, 306
Darquier de Pellepoix, Louis, 103, 244-245, 278
Daudet, Léon, 43, 94, 113
Déat, Mme, 194
Déat, Marcel, 10, 120-124, 130­131, 194, 205, 213, 224, 237­238, 247, 275-276, 306 
Decaudin, Michel, 34
Degrelle, Léon, 299
Delille, abbé, 48
Derain, André, 200
Derennes, Charles, 33
Déroulède, Paul, 26
Desforges, inspecteur général, 202
Despax, Émile, 29, 34, 68
Despiau, Charles, 200
Destouches, Lucette, 273
Divoire, Fernand, 59-60
Donnay, Maurice, 84, 138
Dorchain, Auguste, 43, 59-60
Dorgelès, Roland, 84, 141
Dorgères, Henri, 103
Doriot, Jacques, 10, 89, 100, 106, 110, 121-123, 129-131, 134, 181, 213, 228-229, 234, 275, 290, 306-307
Doumic, René, 79
Dreyfus, Alfred, 23
Drieu la Rochelle, Pierre, 106, 128, 130, 132-134, 258, 302
Drumont, Édouard, 114
Duhamel, Georges, 138, 140­141, 287
Dunoyer de Segonzac, André, 84, 200
Dunoyer de Segonzac, Pierre, 145, 221
Dupuy, Ernest, 27, 32-33, 46
Durand, Yves, 250
Durry, Victor, 219
Duvernois, Henri, 84 
Émery, Léon, 224
Epting, Karl, 132, 240
Étienne, Jean, 227 
Fabre, Émile, 84 
Faguet, Émile, 30 
Faivre, Abel, 84 
Falize, André, 84, 86 
Farrère, Claude, 54, 84 
Fasquelle, Eugène, 46, 48, 63 
Faÿ, Bernard, 106 
Fels, comte et comtesse Edmond de, 79 
Fernandez, Ramon, 105, 129-130, 132, 134, 139, 244 
Flers, Robert de, 84 
Foch, Ferdinand, 84 
Focillon, Henri, 37 
Forain, Jean-Louis, 79 
Forcioli, famille, 27 
Fourcade, Jacques, 287 
Fraigneau, André, 132-134 
Franco, Francisco, 277 
Gabolde, Maurice, 235, 277-278 
Gabriac, marquise de, 41 
Gaït, Maurice, 222, 227, 235, 292, 302, 310-311 
Galles, prince de, 80 
Gaulle, Charles de, 139, 275, 298 
Gaxotte, Pierre, 100, 299 
Gentile, Emilio, 89 
Georges, Jean, 271, 291 
Georgin, René, 202, 204-206, 227, 235 
Gerlach, Werner, 252 
Gillouin, René, 106 
Giolitto, Pierre, 198 
Gobineau, Arthur de, 101 
Goebbels, Joseph, 107, 199 
Goering, Hermann, 132, 145, 242, 251-254, 279, 283 
Gonse, Henri, 53 
Gould, Florence, 241 
Gourmont, Rémy de, 30 
Gramont, Élisabeth de, 43 
Grasset, Raymond, 224 
Gregh, Fernand, 43, 84 
Grosclaude, Étienne, 84 
Guérin, Charles, 39 
Guitry, Sacha, 200 
Hahn, Reynaldo, 41, 43, 55, 84 
Halévy, Daniel, 97 
Hautecœur, Louis, 310 
Hazard, Paul, 37, 140 
Heller, Gerhard, 132-133, 241, 275 
Henriot, Émile, 74, 79 
Henriot, Philippe, 53, 106, 124, 237 
Hermant, Abel, 43, 105, 127-­129, 132, 137-138, 140, 284 
Hérold-Paquis, Jean, 275 
Hervieu, Paul, 43, 64 
Hirsch, Charles-Henry, 47 
Hitler, Adolf, 68, 104, 107-109, 112, 114, 120-121, 133, 151, 167, 173, 177, 179, 184, 200, 207, 220, 234-235, 250, 253­254, 295, 307 
Hugo, Victor, 48, 290 
Jaloux, Edmond, 53-54, 79 
Jammes, Francis, 34-35 
Jannekeyn, Jean-François, 237 
Jaujard, Jacques, 250-252 
Jaurès, Jean, 61
Jeanneret, Serge, 227
Jouhandeau, Marcel, 132-133
Jünger, Ernst, 240 
Kemp, Robert, 79, 105
Khrouchtchev, Nikita, 298
Knittel, John, 133 
Labroue, Henri, 244-245
Lacaze, Lucien, 67, 84, 140
Lagardelle, Hubert, 236, 246, 259
Lamartine, Alphonse de, 290
Lamirand, Georges, 221-222, 246
Landry, Adolphe, 27
Landry, Eugène, 27
Larguier, Léo, 29, 34, 47, 68
Lasserre, Jean, 195
Laubreaux, Alain, 265
Laval, Pierre, 120-123, 147-149, 163, 165, 173, 192-193, 205, 215-216, 219, 221, 223, 228, 232-238, 243, 245-246, 250, 253, 263, 267, 271-272, 275­278, 281-282, 284, 293-297
Lavenir, André, 224, 227
Le Goffic, Charles, 32, 86
Le Roy Ladurie, Jacques, 259
Léautaud, Paul, 128, 171, 222
Lebaudy, Pierre, 79-80
Lecomte, Georges, 140
Lelong, Lucien, 200
Lemoine, Antoine, 237
Lénine, Vladimir Ilitch, 108
Lequerica, José Félix de, 276
Lesca, Charles, 265, 278
Lévy, Simone, 244
Lindon, Raymond, 287-288, 291­297
Loiseaux, Gérard, 239
Luchaire, Jean, 258, 287 
Magny, Charles, 147
Maillol, Aristide, 200
Maistre, Joseph de, 163-164, 290
Malvezzi, Aldobrandino, 52
Mandin, Louis, 240
Margravou, 141
Marinetti, Filippo Tommaso, 69, 111
Marion, Paul, 108, 234, 236, 245, 272
Marsan, Eugène, 53, 79, 81, 84
Martel, René, 108
Martin du Gard, Maurice, 110, 235
Martin-Sané, Jacques, 286, 296
Mary, André, 31
Massis, Henri, 97, 103
Mathieu, Olivier, 303
Mathilde, princesse, 38
Mauclair, Camille, 132
Maulnier, Thierry, 103, 105
Maurel, Blanche, 228
Mauriac, François, 88, 104, 140, 286-287, 298, 309, 311
Maurras, Charles, 87, 94, 97, 110, 113-115, 120, 145, 164, 166-167, 284
Maxence, Jean-Pierre, 103
Merrill, Stuart, 34
Meyer, Arthur, 83
Michel, docteur, 251
Mièvre, Jacques, 115
Miomandre, Francis de, 53
Misciattelli, Piero, 52
Modiano, Patrick, 265
Mondor, Henri, 287, 310
Mongibeaux, Paul, 283
Montandon, George, 244
Montherlant, Henry de, 87, 302 
Morand, Paul, 44, 52-53, 84, 240, 279, 286, 299
Mornet, André, 281-282
Moulin de Labarthète, Henri du, 143-144
Mouraille, Jean, 202, 227, 252
Mugnier, abbé, 87
Mühlfeld, Mme Lucien, 52
Muller, Henri, 57-58
Munch, Charles, 142
Murat, Thérèse, 35, 41-42, 84, 87, 113-114, 142, 261
Mussolini, Benito, 89, 92-93, 103, 108, 111 
Néraud, Paul, 277
Néret, Alexis, 228
Nidda, Roland Krug, 235
Noailles, Anna de, 43, 84
Normand, Jacques, 64 
Olivier-Martin, Félix, 222, 235, 246
Ory, Pascal, 123, 305
Osché, Fernand, 53
Osché, Julien, 53 
Painlevé, Paul, 74
Paléologue, Maurice, 138, 140
Paugam, Jacques, 114
Paulhan, Jean, 127-128, 143
Pawlowski, Gaston de, 84
Payr, Bernhard, 239, 258
Péguy, Charles, 164
Pelorson, Georges, 213-214 
Pétain, Philippe, 120-122, 124, 132, 137-139, 143-149, 163, 170, 175-176, 184, 193, 195­196, 201, 206, 219-220, 223­224, 228, 233-238, 263, 266, 272, 275, 282-284, 294 
Picard, Émile, 138, 140 
Picavert, Georges, 37 
Piétri, François, 287 
Pistora, duc de, 277 
Planté, Louis, 192 
Platon, Charles, 205, 234-235, 238, 279 
Poincaré, Raymond, 84 
Polignac, princesse Edmond de, 43, 84 
Porché, François, 34 
Préault, Laure, 64 
Prévost, Jean, 43 
Prévost, Marcel, 37 
Primoli, Guiseppe, 35, 38-41, 50, 52, 84, 309 
Proudhon, Pierre-Joseph, 290 
Proust, Marcel, 46, 53, 55, 62-66, 261, 304 
Rahn, Reynaldo, 277 
Raissac, Guy, 287-288 
Ramuz, Charles Ferdinand, 48-49, 304 
Rebatet, Lucien, 103, 119-120, 130, 135, 265, 275, 299, 302 
Reboux, Paul, 43, 57-58, 84 
Régnier, Henri de, 32, 37-38, 41, 43, 52-55, 67, 79-81, 84, 86, 114 
Régnier, Marie de, 38, 43, 79 
Renan, Ernest, 290 
Renard, Jules, 32 
Reynaud, Paul, 119 
Ribbentrop, Joachim von, 137, 142, 236, 240, 245 
Richepin, Jean, 43 
Riefenstahl, Leni, 112 
Ripert, Émile, 287 
Rivaud, Albert, 97 
Rivoire, André, 84 
Rohan, duchesse de, 35, 41 
Rohan-Chabot, Marie de, 35 
Romains, Jules, 284, 286, 296­297 
Romier, Lucien, 237 
Roosevelt, Franklin Delano, 155­, 156, 177, 179, 185 
Rosenberg, Alfred, 108-109, 116, 239, 251 
Rostand, Edmond, 32, 34 
Rothe, Carl, 132 
Rothschild, famille, 54, 84 
Sainte-Beuve, Charles-Augustin, 49 
Salazar, António de Oliveira, 110, 120 
Sapiro, Gisèle, 87 
Sartre, Jean-Paul, 301, 309-310 
Sauckel, Fritz, 235, 237 
Saucker, Gauleiter, 235 
Scheikévitch, Mme, 65 
Schleier, Rudolf, 147, 226, 236­237, 240 
Schmidkte, Heinz, 134 
Schumann, Maurice, 125, 257, 260, 262-263 
Sicard, Maurice-Ivan, 129-130, 299, 302 
Sieburg, Friedrich, 276 
Singer, Claude, 243 
Soral, Alain, 303 
Sordet, Dominique, 130, 194, 205, 237-238, 265 
Sorel, Cécile, 200 
Souday, Paul, 48, 85 
Spina, Raphaël, 248 
Spire, André, 34 
Staline, Joseph, 156, 179, 186 
Strauss, Mme Émile, 41 
Supervielle, Jules, 84 
Taigny, Olivier, 55 
Terracher, Adolphe Louis, 263 
Tharaud, Jérôme, 84, 86, 140, 144 
Thérive, André, 80 
Thibaudet, Albert, 27, 79 
Toulouse, bâtonnier, 286, 297 
Tracou, Jean, 272 
Triantaphillis, Kyrios, 21 
Trochu, Charles, 147 
Vacaresco, Hélène, 43, 84 
Vacher de Lapouge, Georges, 244-245 
Valéry, Paul, 84, 86, 113, 138, 140-141, 145 
Vallat, Xavier, 100, 106 
Valois, Georges, 94, 98 
Vaudoyer, Jean-Louis, 28, 43, 53-54, 80-81, 84 
Venner, Dominique, 302-303
Vignaud, Jean, 141 
Weiss, Louise, 143
Weygand, Maxime, 84, 97, 106 
Wolff-Metternich, Franz von, 250-251 
Zay, Jean, 198, 210-211, 260 
